token,listed
9nPpqvbCUbMmsJag6Xfdz9dQRFZDvPWkZAHWQLnj3aLF,False
EjQXrqcEo7dnmdL7J4bwXeoR1PxMRzhTdZP2F194Qray,False
6eRfvn6ycm1f7cnC8kcP3McZ9Az3oefzS5rdHjQh9hRo,False
5tWf1XKQdYmahh4sVp86dHAfe2h5h2iHaMmFUngef11E,False
D8VUza8EJiudmN1CdmLkJTomNrZWWHXwy6nx6GXPuTsi,False
CoRAitPvr9seu5F9Hk39vbjqA1o1XuoryHjSk1Z1q2mo,False
VhFufsyRguG4EQ3ukmAmk8SpRtAfZ2ozSgSQXKVpump,False
3jyqvVV23ef7rTiNfzQHBhmM6XGpp5omixStB6eFxkUK,False
6jtT5Wa11bwprdcauJvQ6TPE3EHdyouvWWxEhMZqc2cw,False
VkymVJbd5YvtQKDnffht9vZVHtdVbtcE47MPt4rpump,False
DgC3eLAXiKSJBdyQ8NxAThmJFaKHRHxzEC2BMLQ2H44B,False
2EdySFGHasY74HjtciULvHTepxJdv89uBFdue2ffxdjV,False
Vme9exRkyJxDCgb6TLvpDEtT5erew8baJhDDou4pump,False
FCbEFKaPpGbUiAvNHYBowLFZRKMuuknwQdSdF1jX14LS,False
8W2nWrL7rQSDJp5NffFfybthzbDHS19t7HsLtAdYxNj9,False
3DrtukeG3TqVRBhYLRtjMSHCimuv7VbxhxZNpe1xuBjb,False
W5KyZdmmn5jcHEbDgmx7d23ETi6fHscaR5SSJNMpump,False
61rGHKewffBn8qei9eRBUUsm8SJmirS7xphdMtBagipk,False
rQpuy9aycN3yfXXTqwaMigMfPiL8eszdQzH96MLMQ5J,False
BC2BjngCC48qpQiWFewcqLnEYHFiTfp7cNb2imo7RwDj,False
6wHve9adKqrFEojLFryTwGvihn3TmCV241SRnkfBDJTn,False
7PZXGHdkNnustNtYghL4frEQ6Rno8q2XunmwZefpq3re,False
F8YuvvtP9Tf6PLXqaE86yvncw6z7kXL3dunarQkbKBkm,False
Bjb3P62Doohs2LTmT44GaRLvrKJ575x3cZaKf6y7JZYe,False
9RPEvWPZmvkjY1G1QyBYp2djxxXKNhaydRyNrL9AkyhP,False
HYW1cvpQt9hjKxQxmpjvKHbJTJ8FRxvwVjpMNuWqJq1n,False
J9xT4LywLKhfnmopcuEuwtaSmtJKQDJhRCgPQxiAX3xd,False
Ci4t3PKFc7VoZso13JbAjH6HweM3RPjy3DNxDg5efcYM,False
9YsWfsnwMATZREchBxz8Pewq3ojyCABJRdyaTKiEotu8,False
4mKCsFKc6GfagefkX14cFah5NLV3RPS8rzGggxD8ZXj1,False
AiAFs1niX6mQvG36X9m82g3Nih6C2guFaE4ypNECwEqZ,False
797iaCx55uJhdV9UL9qQCC1muUw9z4EgE7PCsvFSy3bp,False
ieRUxRCtWek7ZVsRGaAzRyHwV4o2GoTtL8nomVwwfCt,False
3TmY45w4YZ5qagaahTJaYQq1eKNLbRQoeZgWgRK4LB3q,False
4XAWVbt68qorM3fVUDaodr8EBS8QUhmzfj1D3PZin2pn,False
CVJEiijoWEJXiYszd3BC8GzxCBKkscqPSTVoj9CmFq1S,False
3d2koRJa5Fdezurik8xxtCuUaPXg3zzS8VB89Vfwmoon,False
3yB7ay5ifVfMJuqPPW4m5kZNvNcYUs8ssqYbGDtKftNH,False
2S2eJpdpP37hoVejdqrqVQbUjJDHgfWvXf3erSkQwLn5,False
7U7LtaYFCEpADbsJX9WmycFGLsfkP1wFEUPrDB6aziTF,False
Eotd4tYaWQ8z9bn35u5mRrTwebRt3acKq1QCuNWYnf9Y,False
2J3WYPiTC6pUoNJupXNYpaXRdtMELoW9dr5zuKbRC6KB,False
84JoyHg2GPvtfDC2g545Uqmrdsijx7tHy6rbh2Cn6m8L,False
DwuVZDkEcyM8HNwoPNxYy5yA8rvTmL43hexv3uEZLemQ,False
H5Va1eyaapXCbZHSZaRoqs1gzvTS6Za2XHhhGBTVUtac,False
HTKHrMSK6GEySNd32B1uYNFzR4k7NpsPAdUP8YRCRNS3,False
EQcsU7KbT13DAEwojPU811zJk9iH7a5aQckSuJPFMUky,False
Ge7YVRuop7uCZwgPDdu6sxRVZdnrKrZsj4RYBEVHyKDC,False
7oAX6y546TgAj5bJLB4X261FE5q75MA3f2TyaKV7VCAf,False
HksYVvFq5ovmGU1a9UJFfM7k1SCCRFHWBUR99usWER3,False
4GgCKZsu5JB45z9iA93bDsXeQ4iv5ruHvgiNYwdkXYhp,False
D4ZH8Pfyffs6vXUB1NBt7o8E49ZpVYYva61iKPaF3zEC,False
6J38ZDkc82PkkdHn7iQg32eg4tEF1wnHbQup9r9zxxvR,False
8ZVXEQ6H4uH3HidRxTFE1uhvpKMtfTQmYpHwZTpZvrDE,False
AGF4hiSyXhahpsrB65mUvredeJ2WNhdQTyBo6zAQDUAy,False
9u4BMA8a2y2YPttWPdP6hQ4eDXCfv4c3wvnmSEjimv1f,False
8hSrgXN5fnEPMjv9nmsPFzYeT3amJBgFq6Mqbrrn1kfy,False
3YdjUp6M79Y6Qaf5XK6GednnFHQMmePqzdaaLes47tWu,False
AS6w5sgKaXnMdv35zLKJNp7VqFBBEcP48XRbmBA1FNeV,False
4ocmZzg5tMFM8eHqVwuDpHq6bxJMrniUamRUxSQybGFr,False
AfZNdeb1VUofx33a8NGk4P8Y7DreSFGxEfdKbo4PNaa2,False
GQfUDAd4C7Lv9XeC9gjwsCmpHbc6XbmXVoG3NNUju2uw,False
82HgSDsdSNMNdeccUKMU51LRRrxeM7sjmsCTAx23W2Nm,False
HJscPWUb7CtZ9Uf77WPVaU2J1LJTn4aQhGKREb6yHUFH,False
6umCDpRJ6e4abVfsk22eHUAwZ9ce1NpyZvnAYpJKbN3v,False
CPkHG5GsM63yKxFXijFvJWVWDf1EpvnnY8ZVxpLAm8mB,False
95Dqp8KjLkmtG7tFXYb2oG28QFfBxjWBp3mRzGCrQkR1,False
HJWG37H74puas4EZohvNqD1yxXVPcUdUhNa76gJD4P3r,False
yKRaYKnBk8H1jNkkPMmTLbq2FJaEQFyCyM9fZ2fj8h8,False
4DX9wDn5VTnmTbou3mdNHmJKc8v2wZdcscFf4B66ST5k,False
HH5g34eLxWVM9tW7pZFd4DB7P4XuBdUL6NafkeEB88MW,False
EmS9guUvzUNGHhjeBFsrgwnYVDoyMPcQ5rHg6csvT1tz,False
EmYWaWE2tmZcRDrWiavhotfqiVa8jYc7gzXQqkSFRrA3,False
GW2Rfptyig43tDSWcmKM7g5b1qtvYS7AJsk6XFve4fjL,False
9cuCXrCodVR2jQEwo2YJotnQdUzvTi6vFRYWpsmu8dGb,False
6RjxSaSfuJgASuaVgz26brqa5tSKXttwcPzXQve56gPg,False
D8qMn1hGsv2JXmbmF4eT1X1B7RMqcn4Xq9p37o352ZrQ,False
9sdFWg4ozxUvyxn9nx1by1Xs2HqevPsVCLQx4TNo3VLe,False
4GpsbPovrYeug6yqF87cJy9Yb41LhSC835m3BqKSE8yK,False
DKd46rgTPXX6hxrv6BuCwy8cboUa8aQ3yjvSR5mF5Nvr,False
9ApgtZXYQc1KTNGA3zx8jjXC8dToGrL42oQdK8SpqyZ8,False
WSEtdSuVxb8LRJ7rrTF2Djc1LSxXxMroJbVdp1gpump,False
2i8KcsusUR4jk9LmH6RXZNtpuwBgCpcJKvfdn84zJht4,False
BcDJfGzmjmfcUh5munNYzMn2cuPAuQqJf2RuNv4ymoon,False
8fu3JXNrJX21aZxuKgefqF8eSKH6FWksF5WgivNBsmU1,False
Akm4bgHrZjsgxdZoXerGHy3cmd8N21hF3ZmXwASdx7Tm,False
WXczCcUv4z2hjp6kPJJyxagn6aQzcKKSHRvoSZTpump,False
Du51kXQH1f7ugP1qsyHmKvAVFLjVPRepbN8DbjZEUK9k,False
Hfwteg1UA5Aj9wo3XP1PjwkFbuekvUAFhh4c6eD3DPKS,False
H1GUnTUUbsBr1MnhYFMuJXKbcQER3p8vGsv4Y3dM7Dex,False
5aa7jkuvoa24CjZ5NgJVSJB8SPfWqptuR43FcD2tsA5f,False
6V1DUBM8N5iFKEGtWZjJjCvPh3J24gczefe1NYo5XzD3,False
6hyzkDr3Ja9VgRgG7NMr7siATPX5yKnFUeEcUG59neRN,False
GCfk2E7xyKyVf4LwXoKLAt5geX1nKMKm59DHe31spyTz,False
rtEw55gLrJEyYVw9vWG5yZEtr8iYJd5mcH1pU2CBRB4,False
FUgnN9fVdL1dHPoPPmc1KCZ2WrhFydaAjEa3E6hLiC3G,False
CZ2Crnii59xi7JnwN4dpD7bgHsk2GTHCE9ECaMbvVbMR,False
5mibP1X1KgGhcfp95GDdv2nkBkhzyCRobuAZgSHKwjky,False
6rRBxVxHc3u9NXKL35ap9m864CgPkiqGef4ThNj6DGRu,False
DUXmS81uL6XD3zbjjsAHUiwuADwvpEmnGYu7uBpYreF7,False
4HmF23tvzfuq79TTCVbtuuvu9z4JdXCfgZpuB4pTnrzv,False
Es9vMFrzaCERmJfrF4H2FYD4KCoNkY11McCe8BenwNYB,False
5tx5Eg94ujT6acD8d4TGso5AgUiNQf6AnnuDph3jcCnd,False
6LHEZxSFtxr8fG9rPuuYFuyqgzhYbYrPXgA4NGmY7EHy,False
8ZgtGH7sJ7ZicW6ZGhZTe8agHbjvqgjxvV9dLqpP6w4m,False
J8tBYqh72oAinopuCEvFLZyMBED1qUAMdtn5KAfKMPnL,False
97gKQZenB77vdyYiizPTcUiFy5Xn4XreGmwhWnSX2UtG,False
7YGPymyC2xPUp5egZuJFvhseu16qhVHFwPSx8rzDxgz1,False
37x8LiLgrPs3jgMYFVFrorGHkzNJrnztxUfMqz2suG81,False
DK4aA2u18sXnxo8pGbm9uk7Cq33aVZ69P294U4WVCzAN,False
F8NPNAYCVXbtjWZEPcjTaSM2detxn1EKNedzzFeabAux,False
CxYN15w6dqLkHXeH1VHa6VfpHvvQ3GE6nYq6V9PAguun,False
2iFeRr96nzHSTxzb7WhohxuYgveA8ZjYbU2BpgmNzVDK,False
FeZb7K9vF4T3iQQ8BJCCq2vRYnox8e3XFmbCWo3KZt7U,False
Aacm62rk2H9Zn6xXc7NaJ9GfSjuFiAwgAGHWC9imPFyw,False
9RXwffBZXFHnYibgcpn4raeyq8VsQaSp4fJw7TuxPkch,False
tFDRCaqdP2TqiuXbPZoFHbk9fJP8Rc2qW475jbzoXzc,False
CwSfKLBxg8u1RnhaR8NbkchpHgdWVTBS5q5mkcbRyWUV,False
BJS5bkCbJvW24FDJCFoKt6zXMfx4ZezfA8DAGJKkerAf,False
24mCUvCsn9ChN3as1FaeHNBZCf2Zu5o9zX1wJvuPEgrd,False
7eQpS94245PGfVp7kFPg35Dbo4HhjpiweKgeyumJ1U9L,False
DU2t5hB7KNu3yK6Z9B4fH8RZuw7FgjVJfCBP9Kp4hdSx,False
8BADgYGdHw8snCz44xfDxnaNtSzkDCKP6dNEcibBTJWc,False
BiWn73a3KfewP2oCpQdHLZkHqXAsQ6vF274u9p3QsRhN,False
eyaiwwmMBRAYMCCLEEr1c9x5Naw3tXfrwK6bVVsE7Ei,False
FThYyWRfm48N6UBSvVUJTQCDLMVaioChAWfAGj6Zn4D2,False
5fq3V6KoW5BS6kRuwJJtuQnUX2EiY8PjyuKDdyd1EbTo,False
GU2GSYT19K94ojav6cGbDQFFiTTMUUgr12YSPWWE1iqT,False
4D1h65VJfGibyFMAj9uYKcvfGcunzXhw1u95hcD2f6pc,False
7FjtvSMxymycCFtkdN22PfDFbTQSH4SPu6Yed3mdi8bX,False
FnZmNqysxzaDbn7w7dMA2doBT7zNzcLkoKnSncH6ZhXb,False
8uufS6ZhMijD5GjC3zYvnF2H4LwDTpydBixg7acMV9oa,False
